Você é:;Campus;Curso;1. Salas de aula [Quantitativo de Mesas e cadeiras];1. Salas de aula [Quantitativo de salas];1. Salas de aula [Dimensão das salas];1. Salas de aula [Limpeza];1. Salas de aula [Iluminação];1. Salas de aula [Internet na sala de aula];1. Salas de aula [Acústica];1. Salas de aula [Ventilação];1. Salas de aula [Equipamentos de multimídia];2. Auditório(s) [Dimensão do auditório];2. Auditório(s) [Limpeza];2. Auditório(s) [Iluminação];2. Auditório(s) [Ventilação];2. Auditório(s) [Internet];2. Auditório(s) [Acústica];2. Auditório(s) [Acessibilidade];2. Auditório(s) [Conservação da mobília];2. Auditório(s) [Equipamentos de multmídia];2. Auditório(s) [Segurança contra incêndio];2. Auditório(s) [Sistema de som];3. Das condições da qualidade do acesso à internet [Acesso à internet];3. Das condições da qualidade do acesso à internet [Acesso WIFI];3. Das condições da qualidade do acesso à internet [Velocidade da Internet ];3. Das condições da qualidade do acesso à internet [Uso da internet para atividades acadêmicas];4. Biblioteca [Espaço para estudo individual];4. Biblioteca [Espaço para estudo em grupo];4. Biblioteca [Número de tomadas elétricas disponíveis ];4. Biblioteca [Quantidade do Acervo];4. Biblioteca [Acervo atualizado];4. Biblioteca [Biblioteca virtual ou acesso a obras disponíveis em acervos virtuais];4. Biblioteca [Espaço da biblioteca];4. Biblioteca [Limpeza];4. Biblioteca [Ventilação ];4. Biblioteca [Conservação do mobilário];4. Biblioteca [Segurança contra incêndio];4. Biblioteca [Segurança];4. Biblioteca [Acessibilidade];4. Biblioteca [Acesso à internet];4. Biblioteca [Acesso à internet via Wifi];4. Biblioteca [Informatização do acervo (empréstimo, devolução e renovação)  ];4. Biblioteca [Horário de atendimento];5. Laboratório(s) de informática [Mesas e cadeiras];5. Laboratório(s) de informática [Limpeza];5. Laboratório(s) de informática [Iluminação];5. Laboratório(s) de informática [Internet via cabo (computadores)];5. Laboratório(s) de informática [Internet WIFI];5. Laboratório(s) de informática [Acústica];5. Laboratório(s) de informática [Esquipamentos e programas disponíveis];5. Laboratório(s) de informática [Climatização com ar condicionado];6. Laboratórios, ambientes e cenários para práticas didáticas [Quantidade de laboratórios];6. Laboratórios, ambientes e cenários para práticas didáticas [Dimensões];6. Laboratórios, ambientes e cenários para práticas didáticas [Limpeza];6. Laboratórios, ambientes e cenários para práticas didáticas [Iluminação];6. Laboratórios, ambientes e cenários para práticas didáticas [Segurança contra incêndio];6. Laboratórios, ambientes e cenários para práticas didáticas [Acessibilidade];6. Laboratórios, ambientes e cenários para práticas didáticas [Acústica];6. Laboratórios, ambientes e cenários para práticas didáticas [Equipamentos especializados];6. Laboratórios, ambientes e cenários para práticas didáticas [Materiais disponíveis (ex: material de uso didático)];6. Laboratórios, ambientes e cenários para práticas didáticas [Ventilação (ventilador ou ar condicionado)];7. Espaços de convivência  [Mesas e cadeiras];7. Espaços de convivência  [Dimensão];7. Espaços de convivência  [Limpeza];7. Espaços de convivência  [Iluminação];7. Espaços de convivência  [Internet via cabo (computadores)];7. Espaços de convivência  [Internet WIFI];7. Espaços de convivência  [Materiais disponíveis (ex: jogos, livros, TV, etc.)];7. Espaços de convivência  [Ventilação (ventilador ou ar condicionado)];8. Reprografia (Serviços de fotocópias e impressões, encadernações, etc.) [Equipamentos Disponíveis];8. Reprografia (Serviços de fotocópias e impressões, encadernações, etc.) [Acesso à internet para impressões ];8. Reprografia (Serviços de fotocópias e impressões, encadernações, etc.) [Pastas digitalizadas de materiais];8. Reprografia (Serviços de fotocópias e impressões, encadernações, etc.) [Atendimento];8. Reprografia (Serviços de fotocópias e impressões, encadernações, etc.) [Preços praticados];9. Refeitório [Espaço do Refeitório];9. Refeitório [Quantitativo de cadeiras e mesas];9. Refeitório [Limpeza];9. Refeitório [Iluminação];9. Refeitório [Conservação do imobiliário];9. Refeitório [Horário de atendimento];9. Refeitório [Qualidade da alimentação];9. Refeitório [Qualidade do atendimento];9. Refeitório [Tempo de espera em fila];9. Refeitório [Segurança contra incêndio];9. Refeitório [Materiais disponíveis (ex: talheres, guardanapo, copos e pratos)];9. Refeitório [Ventilação (ventilador ou ar condicionado)];10. Bebedouros [Temperatura da água];10. Bebedouros [Localização];10. Bebedouros [Quantidade];10. Bebedouros [Conservação];10. Bebedouros [Tempo de espera em fila];11. Lanchonete [Mesas e cadeiras];11. Lanchonete [Limpeza];11. Lanchonete [Iluminação];11. Lanchonete [Internet WIFI];11. Lanchonete [Qualidade da alimentação];11. Lanchonete [Qualidade do atendimento];11. Lanchonete [Preços praticados];12. Instalações sanitárias  [Quantitativo];12. Instalações sanitárias  [Dimensão];12. Instalações sanitárias  [Vasos e mictórios];12. Instalações sanitárias  [Limpeza];12. Instalações sanitárias  [Iluminação];12. Instalações sanitárias  [Ventilação];12. Instalações sanitárias  [Acessibilidade];12. Instalações sanitárias  [Materiais disponíveis (ex: papel higiênico, sabonete, papel toalha, álcool gel, etc.)];13 - Das condições das instalações de acessibilidade [Rampas com corrimão que facilitem a circulação de cadeiras de rodas];13 - Das condições das instalações de acessibilidade [Adaptação de portas e banheiros com espaço suficiente para permitir o acesso de cadeiras de rodas];13 - Das condições das instalações de acessibilidade [Eliminação de barreiras arquitetônicas para circulação, permitindo acesso aos espaços de uso coletivo];13 - Das condições das instalações de acessibilidade [Colocação de barras de apoio nos banheiros aos usuários de cadeiras de rodas];14 - Das espaços de atenção a saúde (Enfermaria, psicologia, odontologia, etc.) [Horário de Atendimento];14 - Das espaços de atenção a saúde (Enfermaria, psicologia, odontologia, etc.) [Recepção];14 - Das espaços de atenção a saúde (Enfermaria, psicologia, odontologia, etc.) [Consultórios];14 - Das espaços de atenção a saúde (Enfermaria, psicologia, odontologia, etc.) [Sala de procedimentos];15 - Das condições de segurança [Quantitativo de Vigilantes];15 - Das condições de segurança [Guaritas];15 - Das condições de segurança [Sistema interno de segurança];15 - Das condições de segurança [Sistema de controle de acesso de pessoas];16 - Em linhas gerais, como você avalia os estacionamentos:;17 - Em linhas gerais, como você avalia a infraestrutura de esporte e lazer:;18 - Em linhas gerais, como você avalia as vias de acesso a outros espaços:
Discente;Barbacena;Técnico;Ótimo;Bom;Ótimo;Bom;Bom;Ruim;Satisfatório;Satisfatório;Bom;Bom;Bom;Bom;Satisfatório;Inexistente;Ruim;Péssimo;Bom;Bom;Ruim;Satisfatório;Satisfatório;Péssimo;Ruim;Bom;Ruim;Satisfatório;Ruim;Bom;Bom;Inexistente;Bom;Bom;Satisfatório;Ótimo;Satisfatório;Bom;Bom;Bom;Bom;Satisfatório;Satisfatório;Satisfatório;Bom;Bom;Bom;Bom;Satisfatório;Bom;Satisfatório;Bom;Ruim;Bom;Bom;Bom;Bom;Bom;Bom;Bom;Satisfatório;Bom;Ruim;Ruim;Satisfatório;Satisfatório;Ruim;Ruim;Ruim;Inexistente;Inexistente;Inexistente;Inexistente;Inexistente;Bom;Bom;Satisfatório;Satisfatório;Ruim;Satisfatório;Bom;Bom;Satisfatório;Ruim;Satisfatório;Inexistente;Bom;Bom;Satisfatório;Satisfatório;Inexistente;Ruim;Bom;Bom;Ruim;Ótimo;Ótimo;Satisfatório;Satisfatório;Bom;Bom;Satisfatório;Bom;Ruim;Satisfatório;Inexistente;Satisfatório;Satisfatório;Satisfatório;Satisfatório;Não conheço;Não conheço;Não conheço;Não conheço;Bom;Satisfatório;Bom;Inexistente;Ruim;Satisfatório;Satisfatório
Discente;Barbacena;Licenciatura em Química;Ótimo;Ótimo;Ótimo;Bom;Bom;Inexistente;Satisfatório;Péssimo;Ruim;Bom;Bom;Satisfatório;Péssimo;Inexistente;Satisfatório;Péssimo;Bom;Satisfatório;Ruim;Satisfatório;Ruim;Péssimo;Não conheço;Não conheço;Inexistente;Satisfatório;Ruim;Satisfatório;Satisfatório;Péssimo;Bom;Bom;Satisfatório;Ruim;Satisfatório;Péssimo;Ruim;Bom;Péssimo;Ótimo;Ótimo;Satisfatório;Satisfatório;Bom;Ótimo;Não conheço;Não conheço;Não conheço;Não conheço;Bom;Satisfatório;Bom;Bom;Ruim;Bom;Bom;Ruim;Ruim;Ruim;Satisfatório;Bom;Bom;Satisfatório;Satisfatório;Péssimo;Péssimo;Ruim;Inexistente;Inexistente;Inexistente;Inexistente;Inexistente;Ruim;Ruim;Satisfatório;Bom;Satisfatório;Satisfatório;Satisfatório;Bom;Péssimo;Ruim;Satisfatório;Ruim;Satisfatório;Bom;Satisfatório;Bom;Ótimo;Ruim;Satisfatório;Satisfatório;Inexistente;Satisfatório;Bom;Satisfatório;Satisfatório;Bom;Satisfatório;Satisfatório;Bom;Satisfatório;Ruim;Ruim;Ruim;Ruim;Ruim;Ruim;Péssimo;Não conheço;Não conheço;Não conheço;Satisfatório;Ruim;Satisfatório;Ruim;Satisfatório;Satisfatório;Satisfatório
Discente;Barbacena;Técnico;Ótimo;Ótimo;Bom;Bom;Bom;Ruim;Bom;Bom;Satisfatório;Bom;Bom;Bom;Satisfatório;Satisfatório;Bom;Ruim;Bom;Bom;Bom;Bom;Bom;Ruim;Bom;Bom;Satisfatório;Satisfatório;Ruim;Bom;Bom;Bom;Bom;Bom;Bom;Bom;Bom;Bom;Bom;Ótimo;Ótimo;Ótimo;Ótimo;Bom;Bom;Bom;Bom;Ótimo;Bom;Bom;Bom;Bom;Bom;Bom;Bom;Bom;Bom;Bom;Bom;Bom;Satisfatório;Bom;Bom;Bom;Bom;Bom;Bom;Ruim;Bom;Inexistente;Inexistente;Não conheço;Inexistente;Não conheço;Bom;Satisfatório;Bom;Bom;Bom;Bom;Satisfatório;Bom;Bom;Bom;Bom;Satisfatório;Ótimo;Ótimo;Satisfatório;Bom;Bom;Ruim;Bom;Bom;Bom;Satisfatório;Satisfatório;Satisfatório;Bom;Satisfatório;Satisfatório;Bom;Bom;Bom;Bom;Ruim;Bom;Satisfatório;Satisfatório;Ruim;Ruim;Bom;Não conheço;Não conheço;Não conheço;Não conheço;Bom;Bom;Satisfatório;Satisfatório;Bom
Discente;Barbacena;Técnico;Ótimo;Bom;Bom;Bom;Bom;Bom;Bom;Péssimo;Satisfatório;Bom;Bom;Bom;Ruim;Ruim;Satisfatório;Ruim;Bom;Bom;Bom;Bom;Satisfatório;Satisfatório;Bom;Satisfatório;Satisfatório;Bom;Ruim;Satisfatório;Satisfatório;Satisfatório;Bom;Bom;Bom;Bom;Bom;Bom;Bom;Bom;Ótimo;Bom;Bom;Bom;Bom;Bom;Satisfatório;Bom;Bom;Satisfatório;Péssimo;Satisfatório;Bom;Bom;Bom;Bom;Bom;Bom;Satisfatório;Bom;Ruim;Bom;Bom;Bom;Bom;Satisfatório;Bom;Satisfatório;Ruim;Satisfatório;Satisfatório;Satisfatório;Satisfatório;Satisfatório;Bom;Bom;Bom;Bom;Satisfatório;Satisfatório;Ruim;Bom;Bom;Bom;Satisfatório;Satisfatório;Satisfatório;Satisfatório;Satisfatório;Satisfatório;Satisfatório;Ruim;Bom;Bom;Satisfatório;Satisfatório;Satisfatório;Ruim;Bom;Bom;Satisfatório;Satisfatório;Satisfatório;Ruim;Bom;Ruim;Ruim;Ruim;Ruim;Ruim;Ruim;Ruim;Satisfatório;Satisfatório;Bom;Bom;Bom;Satisfatório;Satisfatório;Satisfatório;Ruim
Discente;Barbacena;Técnico;Bom;Satisfatório;Satisfatório;Péssimo;Bom;Péssimo;Bom;Satisfatório;Satisfatório;Bom;Bom;Satisfatório;Ruim;Ruim;Satisfatório;Ruim;Bom;Satisfatório;Satisfatório;Ruim;Ruim;Ruim;Satisfatório;Satisfatório;Satisfatório;Satisfatório;Satisfatório;Ótimo;Bom;Ruim;Bom;Bom;Ruim;Satisfatório;Ruim;Bom;Bom;Bom;Bom;Satisfatório;Bom;Satisfatório;Satisfatório;Satisfatório;Satisfatório;Satisfatório;Bom;Bom;Satisfatório;Bom;Ruim;Satisfatório;Satisfatório;Satisfatório;Ruim;Satisfatório;Bom;Bom;Péssimo;Bom;Satisfatório;Ruim;Ruim;Satisfatório;Satisfatório;Ruim;Ruim;Inexistente;Inexistente;Inexistente;Inexistente;Inexistente;Bom;Bom;Bom;Bom;Satisfatório;Bom;Satisfatório;Satisfatório;Satisfatório;Ruim;Satisfatório;Ruim;Satisfatório;Bom;Bom;Satisfatório;Bom;Bom;Bom;Bom;Ruim;Bom;Bom;Ruim;Satisfatório;Bom;Bom;Ruim;Satisfatório;Satisfatório;Satisfatório;Ruim;Bom;Bom;Bom;Bom;Satisfatório;Satisfatório;Bom;Bom;Bom;Bom;Satisfatório;Satisfatório;Bom;Bom;Satisfatório
Discente;Barbacena;Técnico;Satisfatório;Ruim;Péssimo;Satisfatório;Ruim;Inexistente;Ruim;Inexistente;Ruim;Bom;Ruim;Ruim;Ruim;Ruim;Satisfatório;Ruim;Ruim;Péssimo;Não conheço;Péssimo;Péssimo;Péssimo;Inexistente;Péssimo;Ruim;Bom;Satisfatório;Não conheço;Não conheço;Péssimo;Ruim;Ruim;Ruim;Ruim;Ruim;Ruim;Bom;Inexistente;Ruim;Ruim;Ruim;Ruim;Ruim;Ruim;Ruim;Ruim;Ruim;Ruim;Ruim;Satisfatório;Péssimo;Satisfatório;Satisfatório;Bom;Ruim;Satisfatório;Satisfatório;Satisfatório;Ruim;Satisfatório;Ótimo;Satisfatório;Ruim;Inexistente;Satisfatório;Inexistente;Inexistente;Inexistente;Inexistente;Inexistente;Inexistente;Inexistente;Satisfatório;Satisfatório;Satisfatório;Ruim;Ruim;Ruim;Ruim;Ruim;Péssimo;Péssimo;Ruim;Ruim;Ruim;Satisfatório;Satisfatório;Ruim;Inexistente;Inexistente;Ruim;Ruim;Ruim;Péssimo;Péssimo;Inexistente;Ruim;Péssimo;Ruim;Péssimo;Ruim;Ruim;Satisfatório;Inexistente;Satisfatório;Ruim;Ruim;Satisfatório;Péssimo;Péssimo;Péssimo;Péssimo;Satisfatório;Satisfatório;Ruim;Péssimo;Satisfatório;Ruim;Satisfatório
Discente;Barbacena;Técnico;Satisfatório;Satisfatório;Satisfatório;Satisfatório;Satisfatório;Satisfatório;Satisfatório;Ruim;Satisfatório;Satisfatório;Satisfatório;Satisfatório;Satisfatório;Ruim;Ruim;Satisfatório;Satisfatório;Satisfatório;Satisfatório;Satisfatório;Satisfatório;Ruim;Ruim;Ruim;Ruim;Satisfatório;Ruim;Satisfatório;Ruim;Ruim;Satisfatório;Satisfatório;Satisfatório;Satisfatório;Ruim;Ruim;Satisfatório;Satisfatório;Satisfatório;Satisfatório;Satisfatório;Satisfatório;Satisfatório;Satisfatório;Ruim;Satisfatório;Satisfatório;Ruim;Ruim;Satisfatório;Satisfatório;Satisfatório;Satisfatório;Ruim;Ruim;Ruim;Satisfatório;Ruim;Ruim;Satisfatório;Satisfatório;Satisfatório;Satisfatório;Satisfatório;Satisfatório;Ruim;Ruim;Inexistente;Inexistente;Inexistente;Inexistente;Inexistente;Ótimo;Ótimo;Ótimo;Ótimo;Péssimo;Ótimo;Satisfatório;Satisfatório;Ruim;Péssimo;Satisfatório;Satisfatório;Satisfatório;Satisfatório;Ruim;Ruim;Satisfatório;Satisfatório;Satisfatório;Satisfatório;Satisfatório;Satisfatório;Satisfatório;Péssimo;Ruim;Ruim;Ruim;Satisfatório;Satisfatório;Ruim;Satisfatório;Ruim;Satisfatório;Satisfatório;Satisfatório;Satisfatório;Ruim;Satisfatório;Ruim;Ruim;Satisfatório;Satisfatório;Inexistente;Inexistente;Bom;Bom;Ruim
Discente;Barbacena;Técnico;Bom;Ótimo;Péssimo;Ruim;Bom;Ótimo;Não conheço;Inexistente;Inexistente;Ótimo;Bom;Bom;Inexistente;Inexistente;Satisfatório;Ruim;Ruim;Ótimo;Péssimo;Não conheço;Ótimo;Ótimo;Ótimo;Ótimo;Ótimo;Ótimo;Bom;Ótimo;Satisfatório;Ruim;Satisfatório;Ótimo;Inexistente;Ótimo;Inexistente;Satisfatório;Ótimo;Ótimo;Ótimo;Ótimo;Ótimo;Ótimo;Ótimo;Bom;Ótimo;Ótimo;Ruim;Ótimo;Inexistente;Ótimo;Satisfatório;Bom;Bom;Bom;Satisfatório;Satisfatório;Satisfatório;Ruim;Satisfatório;Péssimo;Péssimo;Péssimo;Péssimo;Inexistente;Satisfatório;Satisfatório;Inexistente;Ótimo;Ótimo;Satisfatório;Ótimo;Satisfatório;Ótimo;Ótimo;Satisfatório;Satisfatório;Péssimo;Satisfatório;Ruim;Ótimo;Bom;Inexistente;Ótimo;Ruim;Ótimo;Ruim;Péssimo;Bom;Ótimo;Péssimo;Ruim;Péssimo;Ruim;Bom;Péssimo;Péssimo;Satisfatório;Satisfatório;Ruim;Péssimo;Satisfatório;Inexistente;Bom;Péssimo;Péssimo;Bom;Satisfatório;Satisfatório;Ruim;Ótimo;Bom;Satisfatório;Bom;Ótimo;Satisfatório;Péssimo;Satisfatório;Bom;Bom
Discente;Barbacena;Bacharelado em Administração;Satisfatório;Bom;Satisfatório;Satisfatório;Bom;Não conheço;Ótimo;Ótimo;Ruim;Satisfatório;Ruim;Bom;Ruim;Inexistente;Ruim;Ruim;Satisfatório;Ruim;Não conheço;Ruim;Péssimo;Péssimo;Péssimo;Péssimo;Inexistente;Satisfatório;Ruim;Péssimo;Péssimo;Satisfatório;Satisfatório;Ruim;Ruim;Ruim;Ruim;Péssimo;Inexistente;Inexistente;Inexistente;Ruim;Ótimo;Satisfatório;Ruim;Ruim;Ruim;Ruim;Satisfatório;Péssimo;Inexistente;Não conheço;Não conheço;Não conheço;Não conheço;Não conheço;Não conheço;Não conheço;Não conheço;Não conheço;Não conheço;Satisfatório;Bom;Satisfatório;Bom;Ruim;Péssimo;Péssimo;Péssimo;Ruim;Não conheço;Não conheço;Não conheço;Não conheço;Ruim;Ruim;Satisfatório;Ótimo;Bom;Ótimo;Satisfatório;Ótimo;Péssimo;Não conheço;Ruim;Péssimo;Satisfatório;Ótimo;Ruim;Péssimo;Satisfatório;Não conheço;Não conheço;Não conheço;Não conheço;Não conheço;Não conheço;Não conheço;Péssimo;Péssimo;Péssimo;Ruim;Satisfatório;Ruim;Não conheço;Péssimo;Não conheço;Não conheço;Não conheço;Não conheço;Satisfatório;Bom;Ruim;Satisfatório;Ruim;Ruim;Inexistente;Inexistente;Satisfatório;Ruim;Ruim
Discente;Barbacena;Técnico;Ótimo;Ótimo;Bom;Ótimo;Ótimo;Bom;Bom;Satisfatório;Satisfatório;Ótimo;Ótimo;Ótimo;Bom;Satisfatório;Bom;Satisfatório;Ótimo;Ótimo;Bom;Bom;Satisfatório;Satisfatório;Bom;Satisfatório;Ruim;Bom;Satisfatório;Ótimo;Bom;Bom;Ótimo;Ótimo;Bom;Ótimo;Satisfatório;Bom;Ótimo;Ótimo;Bom;Ótimo;Ótimo;Ótimo;Ótimo;Bom;Ótimo;Bom;Bom;Bom;Satisfatório;Bom;Satisfatório;Ótimo;Ótimo;Ótimo;Bom;Bom;Bom;Satisfatório;Satisfatório;Bom;Bom;Ótimo;Bom;Bom;Satisfatório;Satisfatório;Satisfatório;Não conheço;Não conheço;Não conheço;Não conheço;Não conheço;Ótimo;Ótimo;Ótimo;Ótimo;Bom;Bom;Péssimo;Satisfatório;Ruim;Satisfatório;Bom;Satisfatório;Ótimo;Ótimo;Bom;Bom;Ótimo;Ruim;Bom;Bom;Ruim;Satisfatório;Bom;Satisfatório;Satisfatório;Bom;Bom;Bom;Bom;Bom;Satisfatório;Ruim;Bom;Ótimo;Bom;Bom;Bom;Ótimo;Bom;Ótimo;Ótimo;Ótimo;Satisfatório;Ótimo;Bom;Satisfatório;Bom
Discente;Barbacena;Técnico;Ótimo;Ótimo;Bom;Bom;Bom;Satisfatório;Ótimo;Bom;Ótimo;Ótimo;Ótimo;Ótimo;Ótimo;Satisfatório;Ótimo;Satisfatório;Ótimo;Ótimo;Ótimo;Bom;Bom;Satisfatório;Bom;Bom;Ótimo;Ótimo;Bom;Ótimo;Ótimo;Ótimo;Ótimo;Ótimo;Ótimo;Ótimo;Ótimo;Ótimo;Ótimo;Bom;Bom;Ótimo;Ótimo;Ótimo;Ótimo;Ótimo;Ótimo;Satisfatório;Ótimo;Ótimo;Bom;Ótimo;Bom;Ótimo;Ótimo;Ótimo;Ótimo;Ótimo;Ótimo;Ótimo;Bom;Ótimo;Ótimo;Ótimo;Ótimo;Bom;Satisfatório;Ótimo;Bom;Satisfatório;Bom;Bom;Ótimo;Não conheço;Ótimo;Ótimo;Ótimo;Ótimo;Ótimo;Ótimo;Satisfatório;Ótimo;Bom;Ótimo;Ótimo;Bom;Ótimo;Ótimo;Ótimo;Ótimo;Ótimo;Ótimo;Ótimo;Ótimo;Satisfatório;Ótimo;Ótimo;Bom;Ótimo;Ótimo;Ótimo;Bom;Ótimo;Ótimo;Ótimo;Bom;Satisfatório;Ótimo;Bom;Ótimo;Ótimo;Ótimo;Ótimo;Ótimo;Ótimo;Ótimo;Ótimo;Ótimo;Ótimo;Ótimo;Ótimo
Discente;Barbacena;Técnico;Ótimo;Ótimo;Satisfatório;Ótimo;Bom;Bom;Não conheço;Inexistente;Bom;Ótimo;Ótimo;Ótimo;Satisfatório;Inexistente;Não conheço;Bom;Ótimo;Ótimo;Não conheço;Bom;Bom;Satisfatório;Ruim;Satisfatório;Bom;Bom;Péssimo;Ótimo;Ótimo;Satisfatório;Bom;Ótimo;Não conheço;Ótimo;Não conheço;Inexistente;Ótimo;Ótimo;Bom;Ótimo;Ruim;Ótimo;Ótimo;Ótimo;Bom;Inexistente;Não conheço;Ótimo;Inexistente;Ótimo;Satisfatório;Ótimo;Ótimo;Não conheço;Ótimo;Não conheço;Ótimo;Ruim;Inexistente;Ótimo;Ótimo;Ótimo;Ótimo;Satisfatório;Satisfatório;Inexistente;Não conheço;Não conheço;Não conheço;Não conheço;Não conheço;Não conheço;Ótimo;Ótimo;Bom;Ótimo;Péssimo;Ótimo;Bom;Ótimo;Bom;Não conheço;Ótimo;Não conheço;Ruim;Ruim;Péssimo;Ruim;Ótimo;Ótimo;Ótimo;Ótimo;Bom;Ótimo;Ótimo;Ruim;Ruim;Ruim;Bom;Ótimo;Ótimo;Não conheço;Bom;Péssimo;Bom;Satisfatório;Bom;Bom;Bom;Bom;Bom;Bom;Bom;Bom;Bom;Bom;Bom;Ótimo;Bom
Discente;Barbacena;Técnico;Satisfatório;Ruim;Bom;Inexistente;Bom;Ruim;Bom;Péssimo;Ruim;Satisfatório;Bom;Bom;Péssimo;Ruim;Satisfatório;Bom;Bom;Bom;Ruim;Bom;Ruim;Ruim;Péssimo;Ruim;Satisfatório;Bom;Satisfatório;Bom;Bom;Ótimo;Bom;Ótimo;Satisfatório;Bom;Satisfatório;Satisfatório;Bom;Ótimo;Ótimo;Bom;Bom;Ótimo;Ótimo;Ótimo;Ótimo;Ótimo;Ótimo;Ótimo;Ruim;Satisfatório;Ruim;Bom;Bom;Satisfatório;Satisfatório;Bom;Bom;Bom;Bom;Satisfatório;Bom;Inexistente;Bom;Bom;Bom;Satisfatório;Ruim;Satisfatório;Satisfatório;Satisfatório;Satisfatório;Satisfatório;Satisfatório;Ruim;Bom;Bom;Bom;Bom;Satisfatório;Bom;Satisfatório;Ruim;Bom;Péssimo;Bom;Bom;Ruim;Bom;Satisfatório;Satisfatório;Bom;Bom;Ruim;Ótimo;Ótimo;Satisfatório;Ruim;Ruim;Ruim;Ruim;Satisfatório;Péssimo;Bom;Péssimo;Péssimo;Péssimo;Ruim;Ruim;Ruim;Bom;Não conheço;Não conheço;Ruim;Inexistente;Ruim;Satisfatório;Bom;Bom;Bom
Discente;Barbacena;Licenciatura em Química;Ótimo;Bom;Ótimo;Satisfatório;Bom;Inexistente;Bom;Satisfatório;Satisfatório;Ótimo;Ótimo;Ótimo;Bom;Inexistente;Bom;Ruim;Bom;Bom;Ruim;Satisfatório;Inexistente;Inexistente;Inexistente;Inexistente;Satisfatório;Bom;Ruim;Satisfatório;Ruim;Bom;Bom;Ótimo;Satisfatório;Bom;Ruim;Bom;Ótimo;Satisfatório;Inexistente;Satisfatório;Satisfatório;Ótimo;Bom;Bom;Bom;Inexistente;Bom;Satisfatório;Não conheço;Satisfatório;Ruim;Bom;Satisfatório;Ruim;Ruim;Bom;Bom;Bom;Ruim;Satisfatório;Satisfatório;Ruim;Satisfatório;Não conheço;Inexistente;Não conheço;Não conheço;Não conheço;Inexistente;Inexistente;Inexistente;Inexistente;Não conheço;Não conheço;Não conheço;Não conheço;Não conheço;Não conheço;Não conheço;Não conheço;Não conheço;Não conheço;Não conheço;Não conheço;Satisfatório;Bom;Satisfatório;Ruim;Satisfatório;Satisfatório;Satisfatório;Satisfatório;Inexistente;Não conheço;Não conheço;Ruim;Bom;Bom;Satisfatório;Bom;Bom;Satisfatório;Péssimo;Péssimo;Satisfatório;Satisfatório;Satisfatório;Não conheço;Não conheço;Satisfatório;Não conheço;Não conheço;Satisfatório;Satisfatório;Péssimo;Satisfatório;Bom;Bom;Bom
Discente;Barbacena;Técnico;Ótimo;Satisfatório;Ruim;Bom;Ótimo;Inexistente;Bom;Péssimo;Satisfatório;Ótimo;Ótimo;Ótimo;Ótimo;Ruim;Ótimo;Ruim;Bom;Bom;Não conheço;Bom;Satisfatório;Satisfatório;Satisfatório;Satisfatório;Ótimo;Ótimo;Ótimo;Ótimo;Ótimo;Ótimo;Ótimo;Ótimo;Ótimo;Ótimo;Ótimo;Ótimo;Ótimo;Ótimo;Ótimo;Ótimo;Ótimo;Satisfatório;Satisfatório;Satisfatório;Satisfatório;Satisfatório;Satisfatório;Satisfatório;Satisfatório;Ótimo;Ótimo;Ótimo;Ótimo;Ótimo;Ótimo;Ótimo;Ótimo;Ótimo;Satisfatório;Ótimo;Ótimo;Ótimo;Ótimo;Ótimo;Ótimo;Ótimo;Ruim;Bom;Bom;Bom;Bom;Bom;Ótimo;Ótimo;Ótimo;Ótimo;Ruim;Ruim;Péssimo;Bom;Péssimo;Não conheço;Satisfatório;Ótimo;Ótimo;Ruim;Ruim;Ótimo;Inexistente;Bom;Bom;Bom;Inexistente;Bom;Satisfatório;Satisfatório;Ótimo;Ótimo;Satisfatório;Ruim;Ótimo;Bom;Ótimo;Péssimo;Ruim;Ruim;Ruim;Satisfatório;Bom;Bom;Bom;Bom;Bom;Bom;Péssimo;Péssimo;Bom;Ótimo;Ótimo
Discente;Barbacena;Técnico;Ótimo;Ótimo;Ótimo;Ótimo;Bom;Péssimo;Bom;Ótimo;Satisfatório;Satisfatório;Ótimo;Ótimo;Ótimo;Inexistente;Ótimo;Satisfatório;Satisfatório;Bom;Bom;Ótimo;Ótimo;Ruim;Bom;Bom;Ótimo;Ótimo;Satisfatório;Bom;Bom;Inexistente;Ótimo;Ótimo;Bom;Bom;Ótimo;Ótimo;Ótimo;Ótimo;Ótimo;Ótimo;Ótimo;Ótimo;Ótimo;Ótimo;Bom;Inexistente;Bom;Ótimo;Satisfatório;Bom;Bom;Ótimo;Ótimo;Ótimo;Ótimo;Ótimo;Ótimo;Bom;Bom;Satisfatório;Ótimo;Ótimo;Ótimo;Não conheço;Ruim;Ruim;Ótimo;Inexistente;Inexistente;Inexistente;Inexistente;Inexistente;Ótimo;Ótimo;Ótimo;Ótimo;Satisfatório;Bom;Ótimo;Ótimo;Satisfatório;Ótimo;Ótimo;Bom;Ótimo;Bom;Bom;Ótimo;Inexistente;Satisfatório;Ótimo;Ótimo;Inexistente;Satisfatório;Satisfatório;Satisfatório;Bom;Bom;Ótimo;Bom;Ótimo;Satisfatório;Bom;Péssimo;Satisfatório;Bom;Ótimo;Ótimo;Satisfatório;Ruim;Ótimo;Ótimo;Ótimo;Ótimo;Bom;Bom;Bom;Ótimo;Ótimo
Discente;Barbacena;Bacharelado em Nutrição;Bom;Bom;Satisfatório;Satisfatório;Ruim;Ruim;Satisfatório;Ruim;Satisfatório;Bom;Satisfatório;Satisfatório;Satisfatório;Ruim;Satisfatório;Satisfatório;Bom;Bom;Satisfatório;Satisfatório;Ruim;Ruim;Ruim;Ótimo;Satisfatório;Bom;Ruim;Bom;Bom;Ótimo;Ótimo;Bom;Bom;Ótimo;Bom;Bom;Bom;Ótimo;Ruim;Ótimo;Ótimo;Ótimo;Satisfatório;Satisfatório;Bom;Ruim;Satisfatório;Satisfatório;Ruim;Satisfatório;Satisfatório;Satisfatório;Satisfatório;Satisfatório;Satisfatório;Satisfatório;Satisfatório;Ruim;Ruim;Satisfatório;Satisfatório;Satisfatório;Satisfatório;Satisfatório;Ruim;Satisfatório;Ruim;Ruim;Ruim;Ruim;Ruim;Ruim;Satisfatório;Ruim;Satisfatório;Satisfatório;Satisfatório;Satisfatório;Satisfatório;Satisfatório;Ruim;Ruim;Satisfatório;Ruim;Satisfatório;Ruim;Ruim;Ruim;Satisfatório;Satisfatório;Satisfatório;Satisfatório;Ruim;Satisfatório;Satisfatório;Ruim;Ruim;Ruim;Ruim;Ruim;Ruim;Ruim;Ruim;Ruim;Satisfatório;Satisfatório;Satisfatório;Satisfatório;Satisfatório;Satisfatório;Satisfatório;Satisfatório;Ruim;Satisfatório;Ruim;Ruim;Satisfatório;Bom;Satisfatório
Discente;Barbacena;Licenciatura em Ciências Biológicas;Bom;Bom;Bom;Bom;Satisfatório;Inexistente;Satisfatório;Satisfatório;Inexistente;Bom;Bom;Bom;Bom;Inexistente;Ruim;Péssimo;Ruim;Satisfatório;Satisfatório;Satisfatório;Inexistente;Inexistente;Inexistente;Inexistente;Bom;Bom;Bom;Satisfatório;Satisfatório;Satisfatório;Satisfatório;Satisfatório;Satisfatório;Satisfatório;Satisfatório;Satisfatório;Satisfatório;Satisfatório;Inexistente;Ruim;Péssimo;Satisfatório;Satisfatório;Satisfatório;Satisfatório;Ruim;Satisfatório;Satisfatório;Satisfatório;Satisfatório;Satisfatório;Satisfatório;Satisfatório;Satisfatório;Ruim;Satisfatório;Satisfatório;Satisfatório;Satisfatório;Satisfatório;Satisfatório;Satisfatório;Satisfatório;Satisfatório;Inexistente;Ruim;Ruim;Não conheço;Não conheço;Não conheço;Não conheço;Não conheço;Ótimo;Ótimo;Bom;Bom;Ruim;Bom;Satisfatório;Satisfatório;Satisfatório;Não conheço;Não conheço;Não conheço;Satisfatório;Satisfatório;Satisfatório;Satisfatório;Satisfatório;Satisfatório;Satisfatório;Satisfatório;Inexistente;Péssimo;Péssimo;Satisfatório;Bom;Bom;Não conheço;Ruim;Satisfatório;Satisfatório;Ruim;Inexistente;Péssimo;Péssimo;Péssimo;Péssimo;Não conheço;Não conheço;Não conheço;Não conheço;Bom;Bom;Bom;Bom;Bom;Bom;Bom
Discente;Barbacena;Licenciatura em Ciências Biológicas;Bom;Bom;Satisfatório;Bom;Bom;Satisfatório;Satisfatório;Satisfatório;Satisfatório;Satisfatório;Satisfatório;Satisfatório;Satisfatório;Satisfatório;Bom;Satisfatório;Satisfatório;Satisfatório;Satisfatório;Satisfatório;Satisfatório;Ruim;Satisfatório;Ruim;Satisfatório;Satisfatório;Ruim;Satisfatório;Satisfatório;Satisfatório;Satisfatório;Satisfatório;Satisfatório;Satisfatório;Satisfatório;Satisfatório;Ruim;Satisfatório;Satisfatório;Satisfatório;Satisfatório;Não conheço;Não conheço;Não conheço;Não conheço;Não conheço;Não conheço;Não conheço;Não conheço;Satisfatório;Ruim;Satisfatório;Satisfatório;Satisfatório;Satisfatório;Satisfatório;Satisfatório;Satisfatório;Satisfatório;Satisfatório;Satisfatório;Satisfatório;Satisfatório;Ruim;Satisfatório;Ruim;Satisfatório;Não conheço;Não conheço;Não conheço;Não conheço;Não conheço;Satisfatório;Satisfatório;Satisfatório;Satisfatório;Satisfatório;Ruim;Satisfatório;Satisfatório;Satisfatório;Satisfatório;Satisfatório;Satisfatório;Bom;Bom;Bom;Satisfatório;Bom;Ruim;Satisfatório;Satisfatório;Satisfatório;Satisfatório;Satisfatório;Ruim;Bom;Bom;Bom;Satisfatório;Bom;Bom;Bom;Ruim;Ruim;Ruim;Ruim;Ruim;Não conheço;Não conheço;Não conheço;Não conheço;Satisfatório;Satisfatório;Não conheço;Não conheço;Bom;Satisfatório;Satisfatório
Discente;Barbacena;Licenciatura em Ciências Biológicas;Satisfatório;Satisfatório;Satisfatório;Satisfatório;Satisfatório;Inexistente;Péssimo;Péssimo;Satisfatório;Satisfatório;Satisfatório;Satisfatório;Péssimo;Inexistente;Ruim;Inexistente;Satisfatório;Satisfatório;Não conheço;Ruim;Inexistente;Inexistente;Inexistente;Inexistente;Satisfatório;Ruim;Ruim;Ruim;Ruim;Ruim;Ruim;Satisfatório;Satisfatório;Satisfatório;Não conheço;Satisfatório;Satisfatório;Ruim;Inexistente;Satisfatório;Ruim;Não conheço;Não conheço;Não conheço;Não conheço;Não conheço;Não conheço;Não conheço;Não conheço;Satisfatório;Satisfatório;Satisfatório;Satisfatório;Não conheço;Satisfatório;Ruim;Ruim;Ruim;Ruim;Satisfatório;Satisfatório;Satisfatório;Satisfatório;Inexistente;Inexistente;Inexistente;Inexistente;Inexistente;Inexistente;Inexistente;Inexistente;Inexistente;Não conheço;Não conheço;Não conheço;Não conheço;Não conheço;Não conheço;Não conheço;Não conheço;Não conheço;Não conheço;Não conheço;Não conheço;Satisfatório;Ruim;Ruim;Péssimo;Péssimo;Péssimo;Péssimo;Péssimo;Inexistente;Péssimo;Satisfatório;Ruim;Ruim;Ruim;Péssimo;Péssimo;Satisfatório;Péssimo;Péssimo;Inexistente;Inexistente;Inexistente;Inexistente;Inexistente;Satisfatório;Satisfatório;Satisfatório;Satisfatório;Satisfatório;Satisfatório;Satisfatório;Ruim;Satisfatório;Satisfatório;Satisfatório
Discente;Barbacena;Licenciatura em Ciências Biológicas;Bom;Satisfatório;Bom;Bom;Bom;Inexistente;Satisfatório;Satisfatório;Bom;Satisfatório;Satisfatório;Satisfatório;Satisfatório;Não conheço;Bom;Inexistente;Satisfatório;Satisfatório;Satisfatório;Satisfatório;Inexistente;Inexistente;Inexistente;Inexistente;Bom;Bom;Bom;Satisfatório;Bom;Bom;Bom;Bom;Bom;Bom;Bom;Bom;Bom;Bom;Não conheço;Bom;Bom;Bom;Bom;Bom;Não conheço;Não conheço;Bom;Bom;Bom;Satisfatório;Satisfatório;Bom;Satisfatório;Bom;Bom;Satisfatório;Satisfatório;Bom;Bom;Satisfatório;Satisfatório;Bom;Bom;Não conheço;Não conheço;Não conheço;Não conheço;Inexistente;Inexistente;Inexistente;Inexistente;Inexistente;Bom;Bom;Bom;Bom;Bom;Bom;Bom;Bom;Bom;Bom;Bom;Bom;Bom;Bom;Bom;Bom;Bom;Satisfatório;Bom;Bom;Não conheço;Satisfatório;Satisfatório;Bom;Bom;Bom;Bom;Bom;Bom;Bom;Bom;Inexistente;Bom;Ruim;Ruim;Inexistente;Não conheço;Não conheço;Não conheço;Não conheço;Satisfatório;Satisfatório;Ruim;Ruim;Bom;Satisfatório;Satisfatório
Discente;Barbacena;Licenciatura em Educação Física;Ótimo;Ótimo;Bom;Ótimo;Ótimo;Satisfatório;Satisfatório;Satisfatório;Ruim;Ótimo;Ótimo;Bom;Bom;Satisfatório;Bom;Satisfatório;Satisfatório;Satisfatório;Ótimo;Satisfatório;Bom;Bom;Bom;Bom;Satisfatório;Satisfatório;Bom;Bom;Bom;Bom;Bom;Ótimo;Ótimo;Ótimo;Ótimo;Ótimo;Ótimo;Satisfatório;Satisfatório;Satisfatório;Ótimo;Não conheço;Não conheço;Não conheço;Não conheço;Não conheço;Não conheço;Não conheço;Não conheço;Bom;Bom;Ótimo;Ótimo;Bom;Satisfatório;Satisfatório;Satisfatório;Satisfatório;Satisfatório;Bom;Bom;Ótimo;Satisfatório;Não conheço;Ruim;Não conheço;Ruim;Não conheço;Não conheço;Não conheço;Não conheço;Não conheço;Bom;Bom;Ótimo;Ótimo;Bom;Bom;Bom;Ótimo;Satisfatório;Bom;Bom;Satisfatório;Satisfatório;Satisfatório;Satisfatório;Satisfatório;Ótimo;Ruim;Satisfatório;Bom;Satisfatório;Satisfatório;Ruim;Ruim;Bom;Bom;Bom;Ótimo;Ruim;Ruim;Bom;Péssimo;Satisfatório;Ruim;Ruim;Ruim;Satisfatório;Satisfatório;Satisfatório;Satisfatório;Satisfatório;Ótimo;Satisfatório;Ruim;Bom;Ruim;Satisfatório
Discente;Barbacena;Licenciatura em Ciências Biológicas;Satisfatório;Satisfatório;Ruim;Satisfatório;Satisfatório;Inexistente;Satisfatório;Ruim;Ruim;Satisfatório;Satisfatório;Satisfatório;Ruim;Ruim;Satisfatório;Ruim;Satisfatório;Satisfatório;Ruim;Satisfatório;Péssimo;Péssimo;Péssimo;Péssimo;Ruim;Satisfatório;Ruim;Ruim;Ruim;Ruim;Satisfatório;Satisfatório;Satisfatório;Satisfatório;Ruim;Satisfatório;Satisfatório;Satisfatório;Satisfatório;Satisfatório;Satisfatório;Satisfatório;Satisfatório;Satisfatório;Ruim;Ruim;Satisfatório;Ruim;Inexistente;Ruim;Ruim;Satisfatório;Satisfatório;Ruim;Satisfatório;Satisfatório;Ruim;Ruim;Inexistente;Ruim;Ruim;Satisfatório;Ruim;Inexistente;Péssimo;Não conheço;Inexistente;Inexistente;Inexistente;Inexistente;Inexistente;Inexistente;Satisfatório;Satisfatório;Satisfatório;Satisfatório;Ruim;Satisfatório;Satisfatório;Satisfatório;Satisfatório;Ruim;Satisfatório;Péssimo;Satisfatório;Satisfatório;Satisfatório;Ruim;Bom;Ruim;Bom;Satisfatório;Ruim;Satisfatório;Ruim;Satisfatório;Satisfatório;Satisfatório;Ruim;Satisfatório;Satisfatório;Ruim;Satisfatório;Ruim;Ruim;Satisfatório;Satisfatório;Satisfatório;Satisfatório;Satisfatório;Satisfatório;Satisfatório;Satisfatório;Satisfatório;Ruim;Ruim;Satisfatório;Ruim;Satisfatório
Discente;Barbacena;Técnico;Satisfatório;Ruim;Satisfatório;Ruim;Satisfatório;Péssimo;Ruim;Ruim;Satisfatório;Bom;Bom;Satisfatório;Ruim;Péssimo;Ruim;Péssimo;Satisfatório;Satisfatório;Ruim;Satisfatório;Ruim;Ruim;Péssimo;Ruim;Satisfatório;Satisfatório;Ruim;Bom;Ruim;Ruim;Satisfatório;Bom;Satisfatório;Péssimo;Péssimo;Péssimo;Bom;Satisfatório;Bom;Satisfatório;Satisfatório;Ruim;Bom;Satisfatório;Satisfatório;Ruim;Ruim;Satisfatório;Ruim;Ruim;Ruim;Satisfatório;Satisfatório;Bom;Satisfatório;Ruim;Ruim;Ruim;Péssimo;Satisfatório;Bom;Ruim;Satisfatório;Inexistente;Péssimo;Inexistente;Inexistente;Não conheço;Não conheço;Não conheço;Não conheço;Não conheço;Ruim;Satisfatório;Ruim;Satisfatório;Péssimo;Satisfatório;Péssimo;Ruim;Péssimo;Ruim;Péssimo;Péssimo;Ruim;Satisfatório;Ruim;Ruim;Bom;Péssimo;Satisfatório;Ruim;Inexistente;Satisfatório;Bom;Péssimo;Péssimo;Ruim;Péssimo;Ruim;Ruim;Ruim;Péssimo;Péssimo;Inexistente;Péssimo;Péssimo;Inexistente;Ruim;Satisfatório;Satisfatório;Satisfatório;Ótimo;Ruim;Satisfatório;Péssimo;Ruim;Ruim;Péssimo
Discente;Barbacena;Licenciatura em Educação Física;Bom;Bom;Bom;Ótimo;Bom;Ruim;Bom;Bom;Bom;Ótimo;Ótimo;Bom;Bom;Ruim;Bom;Péssimo;Bom;Bom;Bom;Bom;Inexistente;Inexistente;Inexistente;Satisfatório;Bom;Bom;Bom;Bom;Bom;Bom;Bom;Bom;Bom;Bom;Bom;Bom;Bom;Inexistente;Inexistente;Bom;Bom;Satisfatório;Satisfatório;Satisfatório;Satisfatório;Inexistente;Bom;Bom;Inexistente;Satisfatório;Satisfatório;Satisfatório;Satisfatório;Satisfatório;Satisfatório;Satisfatório;Satisfatório;Satisfatório;Satisfatório;Bom;Bom;Bom;Bom;Inexistente;Inexistente;Satisfatório;Inexistente;Inexistente;Inexistente;Inexistente;Inexistente;Inexistente;Satisfatório;Satisfatório;Satisfatório;Satisfatório;Satisfatório;Satisfatório;Satisfatório;Satisfatório;Ruim;Satisfatório;Satisfatório;Ruim;Bom;Bom;Bom;Bom;Bom;Bom;Bom;Bom;Inexistente;Bom;Bom;Bom;Bom;Bom;Bom;Bom;Bom;Satisfatório;Bom;Satisfatório;Péssimo;Péssimo;Péssimo;Péssimo;Não conheço;Não conheço;Não conheço;Não conheço;Bom;Bom;Satisfatório;Satisfatório;Satisfatório;Ruim;Ruim
Discente;Barbacena;Licenciatura em Educação Física;Bom;Ótimo;Ótimo;Ótimo;Bom;Inexistente;Satisfatório;Satisfatório;Péssimo;Ótimo;Ótimo;Ótimo;Ruim;Ruim;Bom;Satisfatório;Ótimo;Ótimo;Bom;Bom;Inexistente;Inexistente;Inexistente;Inexistente;Satisfatório;Satisfatório;Satisfatório;Bom;Satisfatório;Satisfatório;Ótimo;Ótimo;Ótimo;Bom;Bom;Bom;Ótimo;Satisfatório;Satisfatório;Bom;Ótimo;Satisfatório;Bom;Ótimo;Satisfatório;Ruim;Ótimo;Ruim;Ótimo;Ótimo;Ótimo;Ótimo;Ótimo;Ótimo;Ótimo;Ótimo;Ruim;Ruim;Ruim;Bom;Bom;Ótimo;Ótimo;Ruim;Ruim;Ruim;Ruim;Inexistente;Inexistente;Inexistente;Inexistente;Inexistente;Ótimo;Ótimo;Ótimo;Ótimo;Satisfatório;Ótimo;Ótimo;Ótimo;Satisfatório;Bom;Satisfatório;Inexistente;Ótimo;Ótimo;Ótimo;Ótimo;Ótimo;Satisfatório;Ótimo;Ótimo;Péssimo;Satisfatório;Ótimo;Ruim;Ótimo;Ótimo;Ótimo;Ótimo;Ótimo;Satisfatório;Ótimo;Satisfatório;Inexistente;Inexistente;Inexistente;Inexistente;Ruim;Ruim;Ruim;Ruim;Ruim;Ótimo;Ruim;Péssimo;Ruim;Péssimo;Péssimo
Discente;Barbacena;Bacharelado em Nutrição;Bom;Bom;Bom;Bom;Bom;Satisfatório;Bom;Bom;Bom;Bom;Bom;Bom;Bom;Satisfatório;Satisfatório;Bom;Bom;Bom;Bom;Bom;Satisfatório;Satisfatório;Satisfatório;Satisfatório;Bom;Bom;Bom;Bom;Bom;Bom;Bom;Bom;Bom;Bom;Bom;Bom;Bom;Bom;Bom;Bom;Bom;Bom;Bom;Bom;Bom;Bom;Bom;Bom;Bom;Satisfatório;Satisfatório;Satisfatório;Satisfatório;Satisfatório;Satisfatório;Satisfatório;Satisfatório;Satisfatório;Satisfatório;Satisfatório;Bom;Bom;Bom;Satisfatório;Satisfatório;Satisfatório;Bom;Satisfatório;Satisfatório;Satisfatório;Satisfatório;Satisfatório;Bom;Satisfatório;Bom;Bom;Bom;Satisfatório;Bom;Bom;Satisfatório;Bom;Bom;Bom;Satisfatório;Satisfatório;Satisfatório;Satisfatório;Satisfatório;Satisfatório;Satisfatório;Satisfatório;Satisfatório;Satisfatório;Satisfatório;Satisfatório;Satisfatório;Satisfatório;Satisfatório;Satisfatório;Satisfatório;Satisfatório;Satisfatório;Satisfatório;Satisfatório;Satisfatório;Satisfatório;Satisfatório;Bom;Bom;Bom;Bom;Bom;Bom;Bom;Bom;Satisfatório;Satisfatório;Satisfatório
Discente;Barbacena;Bacharelado em Nutrição;Ótimo;Bom;Satisfatório;Bom;Satisfatório;Péssimo;Satisfatório;Ruim;Inexistente;Bom;Bom;Bom;Bom;Ruim;Ruim;Péssimo;Satisfatório;Bom;Péssimo;Ruim;Ruim;Péssimo;Ruim;Ótimo;Satisfatório;Bom;Ruim;Satisfatório;Bom;Satisfatório;Bom;Bom;Satisfatório;Satisfatório;Péssimo;Satisfatório;Ótimo;Satisfatório;Satisfatório;Satisfatório;Bom;Satisfatório;Satisfatório;Satisfatório;Satisfatório;Satisfatório;Ruim;Péssimo;Ruim;Ruim;Péssimo;Satisfatório;Ruim;Ruim;Satisfatório;Satisfatório;Satisfatório;Satisfatório;Ruim;Ruim;Ruim;Satisfatório;Satisfatório;Ruim;Ruim;Satisfatório;Ruim;Péssimo;Péssimo;Péssimo;Péssimo;Péssimo;Ruim;Péssimo;Bom;Satisfatório;Satisfatório;Ruim;Satisfatório;Satisfatório;Péssimo;Ruim;Satisfatório;Satisfatório;Ótimo;Bom;Bom;Satisfatório;Ótimo;Bom;Bom;Bom;Ruim;Bom;Satisfatório;Ruim;Ótimo;Bom;Satisfatório;Ruim;Satisfatório;Satisfatório;Bom;Péssimo;Ruim;Péssimo;Péssimo;Péssimo;Ruim;Ruim;Ruim;Satisfatório;Bom;Bom;Satisfatório;Péssimo;Ótimo;Bom;Satisfatório
Discente;Barbacena;Licenciatura em Ciências Biológicas;Satisfatório;Satisfatório;Satisfatório;Satisfatório;Ruim;Inexistente;Péssimo;Péssimo;Péssimo;Ruim;Satisfatório;Péssimo;Péssimo;Inexistente;Péssimo;Inexistente;Inexistente;Péssimo;Ruim;Ruim;Péssimo;Péssimo;Péssimo;Inexistente;Ruim;Ruim;Satisfatório;Bom;Satisfatório;Satisfatório;Ruim;Ótimo;Satisfatório;Satisfatório;Ruim;Ruim;Ótimo;Bom;Inexistente;Ótimo;Ótimo;Não conheço;Não conheço;Não conheço;Não conheço;Não conheço;Não conheço;Não conheço;Não conheço;Ruim;Ruim;Ótimo;Ruim;Ruim;Ruim;Ruim;Ruim;Péssimo;Inexistente;Não conheço;Não conheço;Não conheço;Não conheço;Não conheço;Não conheço;Não conheço;Não conheço;Inexistente;Inexistente;Inexistente;Inexistente;Inexistente;Péssimo;Péssimo;Ruim;Péssimo;Inexistente;Satisfatório;Ruim;Ruim;Péssimo;Não conheço;Ótimo;Inexistente;Péssimo;Péssimo;Péssimo;Inexistente;Satisfatório;Péssimo;Péssimo;Péssimo;Inexistente;Péssimo;Péssimo;Péssimo;Péssimo;Péssimo;Péssimo;Péssimo;Péssimo;Péssimo;Péssimo;Péssimo;Ruim;Ruim;Ruim;Ruim;Bom;Bom;Bom;Bom;Péssimo;Satisfatório;Satisfatório;Péssimo;Ruim;Ruim;Ruim
Discente;Barbacena;Bacharelado em Nutrição;Satisfatório;Satisfatório;Satisfatório;Satisfatório;Satisfatório;Inexistente;Ruim;Inexistente;Inexistente;Bom;Bom;Bom;Bom;Inexistente;Bom;Inexistente;Bom;Bom;Satisfatório;Bom;Inexistente;Inexistente;Inexistente;Inexistente;Inexistente;Satisfatório;Inexistente;Satisfatório;Satisfatório;Inexistente;Bom;Bom;Bom;Bom;Satisfatório;Bom;Bom;Inexistente;Inexistente;Satisfatório;Satisfatório;Satisfatório;Satisfatório;Satisfatório;Satisfatório;Inexistente;Satisfatório;Satisfatório;Inexistente;Satisfatório;Satisfatório;Satisfatório;Satisfatório;Satisfatório;Péssimo;Satisfatório;Satisfatório;Satisfatório;Satisfatório;Bom;Bom;Bom;Bom;Inexistente;Inexistente;Inexistente;Bom;Inexistente;Inexistente;Inexistente;Inexistente;Inexistente;Satisfatório;Satisfatório;Satisfatório;Satisfatório;Satisfatório;Satisfatório;Bom;Ótimo;Satisfatório;Satisfatório;Satisfatório;Ruim;Ruim;Ruim;Ruim;Ruim;Ruim;Ruim;Ruim;Ruim;Inexistente;Ruim;Ruim;Ruim;Ruim;Ruim;Ruim;Ruim;Ruim;Ruim;Ruim;Ruim;Inexistente;Inexistente;Inexistente;Inexistente;Satisfatório;Satisfatório;Satisfatório;Satisfatório;Satisfatório;Satisfatório;Satisfatório;Satisfatório;Bom;Ruim;Ruim
Discente;Barbacena;Bacharelado em Nutrição;Ótimo;Ótimo;Bom;Satisfatório;Bom;Inexistente;Satisfatório;Ruim;Satisfatório;Ruim;Satisfatório;Bom;Bom;Inexistente;Bom;Bom;Ruim;Satisfatório;Satisfatório;Satisfatório;Inexistente;Inexistente;Não conheço;Não conheço;Ruim;Satisfatório;Satisfatório;Satisfatório;Bom;Não conheço;Bom;Bom;Bom;Bom;Satisfatório;Satisfatório;Satisfatório;Ruim;Péssimo;Ótimo;Bom;Bom;Bom;Bom;Bom;Não conheço;Bom;Ruim;Não conheço;Ruim;Péssimo;Bom;Bom;Ruim;Ruim;Ruim;Péssimo;Péssimo;Não conheço;Inexistente;Inexistente;Inexistente;Inexistente;Inexistente;Inexistente;Inexistente;Inexistente;Não conheço;Não conheço;Não conheço;Não conheço;Não conheço;Bom;Ótimo;Ótimo;Ótimo;Ótimo;Ótimo;Satisfatório;Ótimo;Ruim;Bom;Bom;Não conheço;Satisfatório;Satisfatório;Ruim;Péssimo;Satisfatório;Satisfatório;Satisfatório;Satisfatório;Não conheço;Péssimo;Ruim;Péssimo;Ótimo;Ótimo;Satisfatório;Satisfatório;Bom;Bom;Bom;Ruim;Péssimo;Bom;Inexistente;Inexistente;Satisfatório;Não conheço;Não conheço;Não conheço;Satisfatório;Satisfatório;Satisfatório;Satisfatório;Bom;Péssimo;Péssimo
Discente;Barbacena;Bacharelado em Agronomia;Bom;Satisfatório;Bom;Bom;Satisfatório;Péssimo;Satisfatório;Ruim;Péssimo;Ótimo;Bom;Bom;Satisfatório;Péssimo;Satisfatório;Ruim;Satisfatório;Ruim;Inexistente;Não conheço;Ruim;Péssimo;Satisfatório;Péssimo;Ruim;Ruim;Ruim;Bom;Satisfatório;Ruim;Satisfatório;Satisfatório;Satisfatório;Satisfatório;Ruim;Satisfatório;Satisfatório;Ruim;Ruim;Bom;Ótimo;Ruim;Bom;Bom;Satisfatório;Ruim;Ruim;Péssimo;Satisfatório;Ruim;Bom;Bom;Bom;Ruim;Ruim;Bom;Ruim;Bom;Satisfatório;Ruim;Satisfatório;Bom;Ruim;Inexistente;Inexistente;Péssimo;Inexistente;Inexistente;Inexistente;Inexistente;Inexistente;Ruim;Satisfatório;Ruim;Bom;Satisfatório;Satisfatório;Satisfatório;Satisfatório;Satisfatório;Ruim;Péssimo;Ruim;Ruim;Ruim;Bom;Satisfatório;Ruim;Ótimo;Satisfatório;Satisfatório;Satisfatório;Péssimo;Bom;Satisfatório;Ruim;Ótimo;Bom;Ruim;Satisfatório;Satisfatório;Satisfatório;Satisfatório;Péssimo;Ruim;Ruim;Péssimo;Péssimo;Satisfatório;Ruim;Satisfatório;Satisfatório;Satisfatório;Bom;Satisfatório;Inexistente;Bom;Bom;Bom
Discente;Barbacena;Bacharelado em Agronomia;Bom;Bom;Bom;Ótimo;Ótimo;Inexistente;Bom;Bom;Satisfatório;Bom;Ótimo;Ótimo;Ótimo;Inexistente;Satisfatório;Ótimo;Satisfatório;Satisfatório;Ruim;Péssimo;Ruim;Satisfatório;Satisfatório;Satisfatório;Não conheço;Bom;Satisfatório;Satisfatório;Satisfatório;Satisfatório;Satisfatório;Ótimo;Ótimo;Ótimo;Ótimo;Bom;Bom;Bom;Bom;Bom;Bom;Bom;Ótimo;Ótimo;Ótimo;Bom;Ótimo;Bom;Bom;Bom;Satisfatório;Ótimo;Ótimo;Ótimo;Bom;Bom;Satisfatório;Satisfatório;Bom;Bom;Bom;Ótimo;Ótimo;Inexistente;Satisfatório;Ruim;Ruim;Inexistente;Inexistente;Inexistente;Inexistente;Inexistente;Satisfatório;Satisfatório;Ótimo;Ótimo;Bom;Satisfatório;Satisfatório;Satisfatório;Satisfatório;Bom;Bom;Satisfatório;Bom;Satisfatório;Ruim;Satisfatório;Satisfatório;Ruim;Ótimo;Bom;Satisfatório;Satisfatório;Satisfatório;Satisfatório;Bom;Bom;Bom;Ótimo;Ótimo;Bom;Ótimo;Ruim;Bom;Bom;Bom;Bom;Não conheço;Não conheço;Não conheço;Não conheço;Satisfatório;Satisfatório;Satisfatório;Ruim;Satisfatório;Não conheço;Bom
Discente;Barbacena;Bacharelado em Agronomia;Bom;Bom;Bom;Ruim;Ruim;Ruim;Satisfatório;Ruim;Satisfatório;Bom;Ruim;Satisfatório;Ruim;Ruim;Satisfatório;Satisfatório;Ruim;Ruim;Ruim;Ruim;Ruim;Ruim;Ruim;Ruim;Ruim;Ruim;Satisfatório;Ruim;Ruim;Satisfatório;Ruim;Ruim;Satisfatório;Ruim;Ruim;Satisfatório;Satisfatório;Satisfatório;Satisfatório;Satisfatório;Satisfatório;Ruim;Ruim;Satisfatório;Satisfatório;Satisfatório;Satisfatório;Satisfatório;Satisfatório;Ruim;Satisfatório;Ruim;Satisfatório;Ruim;Satisfatório;Satisfatório;Ruim;Ruim;Satisfatório;Ruim;Satisfatório;Ruim;Satisfatório;Ruim;Ruim;Ruim;Satisfatório;Inexistente;Inexistente;Inexistente;Inexistente;Inexistente;Satisfatório;Satisfatório;Péssimo;Ruim;Péssimo;Satisfatório;Bom;Ruim;Ruim;Ruim;Ruim;Ruim;Ruim;Ruim;Ruim;Ruim;Ótimo;Satisfatório;Ruim;Satisfatório;Inexistente;Satisfatório;Ótimo;Satisfatório;Satisfatório;Satisfatório;Péssimo;Péssimo;Ruim;Ruim;Satisfatório;Péssimo;Ruim;Ruim;Péssimo;Péssimo;Ruim;Bom;Ruim;Ruim;Ruim;Bom;Bom;Péssimo;Satisfatório;Satisfatório;Satisfatório
Discente;Barbacena;Bacharelado em Agronomia;Bom;Satisfatório;Bom;Bom;Bom;Inexistente;Ruim;Ruim;Satisfatório;Bom;Bom;Bom;Bom;Inexistente;Satisfatório;Péssimo;Bom;Satisfatório;Ruim;Péssimo;Péssimo;Inexistente;Não conheço;Péssimo;Péssimo;Ruim;Péssimo;Ruim;Péssimo;Não conheço;Ruim;Bom;Satisfatório;Satisfatório;Ruim;Satisfatório;Satisfatório;Ruim;Inexistente;Satisfatório;Satisfatório;Satisfatório;Bom;Bom;Não conheço;Não conheço;Ruim;Não conheço;Não conheço;Ruim;Ruim;Bom;Bom;Ruim;Ruim;Satisfatório;Não conheço;Ruim;Ruim;Ruim;Ruim;Ruim;Ruim;Inexistente;Inexistente;Inexistente;Inexistente;Inexistente;Inexistente;Inexistente;Inexistente;Inexistente;Ruim;Ruim;Ruim;Satisfatório;Satisfatório;Satisfatório;Ruim;Péssimo;Péssimo;Ruim;Ruim;Ruim;Satisfatório;Ruim;Ruim;Ruim;Satisfatório;Satisfatório;Bom;Satisfatório;Inexistente;Satisfatório;Satisfatório;Satisfatório;Satisfatório;Satisfatório;Satisfatório;Bom;Satisfatório;Satisfatório;Ruim;Ruim;Péssimo;Péssimo;Péssimo;Péssimo;Ruim;Satisfatório;Satisfatório;Ruim;Péssimo;Ruim;Não conheço;Péssimo;Satisfatório;Ruim;Ruim
Discente;Barbacena;Bacharelado em Agronomia;Ótimo;Bom;Bom;Ótimo;Ótimo;Inexistente;Ótimo;Satisfatório;Satisfatório;Satisfatório;Ótimo;Bom;Bom;Inexistente;Bom;Bom;Ótimo;Ruim;Não conheço;Bom;Inexistente;Inexistente;Inexistente;Inexistente;Péssimo;Ruim;Péssimo;Ruim;Péssimo;Inexistente;Péssimo;Ótimo;Ótimo;Satisfatório;Não conheço;Ótimo;Ótimo;Satisfatório;Inexistente;Ótimo;Satisfatório;Ótimo;Ótimo;Ótimo;Ótimo;Inexistente;Ótimo;Satisfatório;Satisfatório;Bom;Bom;Ótimo;Ótimo;Não conheço;Bom;Bom;Bom;Bom;Bom;Bom;Bom;Ótimo;Bom;Não conheço;Inexistente;Péssimo;Bom;Inexistente;Inexistente;Inexistente;Inexistente;Inexistente;Bom;Bom;Ótimo;Bom;Bom;Bom;Ótimo;Ótimo;Ruim;Não conheço;Ótimo;Satisfatório;Bom;Bom;Bom;Bom;Bom;Ruim;Ótimo;Ótimo;Inexistente;Satisfatório;Satisfatório;Bom;Bom;Bom;Bom;Bom;Bom;Bom;Bom;Ruim;Satisfatório;Bom;Bom;Bom;Não conheço;Bom;Bom;Bom;Ótimo;Ótimo;Não conheço;Ótimo;Ótimo;Ótimo;Bom
Discente;Barbacena;Bacharelado em Agronomia;Ótimo;Ótimo;Ótimo;Satisfatório;Bom;Ruim;Bom;Bom;Bom;Ótimo;Ótimo;Ótimo;Bom;Satisfatório;Bom;Bom;Satisfatório;Bom;Satisfatório;Satisfatório;Bom;Satisfatório;Satisfatório;Bom;Satisfatório;Bom;Satisfatório;Bom;Satisfatório;Não conheço;Bom;Bom;Bom;Satisfatório;Não conheço;Não conheço;Satisfatório;Satisfatório;Satisfatório;Ótimo;Ótimo;Bom;Bom;Bom;Bom;Bom;Bom;Bom;Não conheço;Bom;Ótimo;Ótimo;Ótimo;Bom;Satisfatório;Bom;Bom;Bom;Bom;Bom;Bom;Bom;Bom;Bom;Satisfatório;Bom;Bom;Inexistente;Inexistente;Inexistente;Inexistente;Inexistente;Bom;Bom;Bom;Bom;Ruim;Satisfatório;Ruim;Bom;Satisfatório;Péssimo;Ruim;Satisfatório;Bom;Bom;Ruim;Bom;Inexistente;Ruim;Satisfatório;Satisfatório;Ruim;Ruim;Péssimo;Péssimo;Satisfatório;Satisfatório;Satisfatório;Péssimo;Bom;Satisfatório;Ruim;Péssimo;Bom;Ruim;Satisfatório;Ruim;Satisfatório;Ruim;Satisfatório;Não conheço;Ótimo;Bom;Satisfatório;Péssimo;Bom;Ruim;Satisfatório
Discente;Barbacena;Bacharelado em Agronomia;Bom;Bom;Bom;Ótimo;Bom;Satisfatório;Bom;Bom;Satisfatório;Ótimo;Ótimo;Ótimo;Ótimo;Satisfatório;Bom;Bom;Ótimo;Bom;Ruim;Bom;Inexistente;Inexistente;Inexistente;Inexistente;Satisfatório;Ótimo;Satisfatório;Bom;Bom;Não conheço;Bom;Ótimo;Ótimo;Ótimo;Satisfatório;Bom;Ótimo;Inexistente;Inexistente;Ótimo;Satisfatório;Bom;Ótimo;Ótimo;Ótimo;Não conheço;Ótimo;Ótimo;Ótimo;Bom;Satisfatório;Ótimo;Ótimo;Péssimo;Ótimo;Ótimo;Satisfatório;Satisfatório;Bom;Inexistente;Inexistente;Inexistente;Inexistente;Inexistente;Inexistente;Inexistente;Inexistente;Inexistente;Inexistente;Inexistente;Inexistente;Inexistente;Ruim;Ruim;Ótimo;Ótimo;Bom;Satisfatório;Bom;Ótimo;Ruim;Péssimo;Ruim;Bom;Ótimo;Bom;Bom;Ruim;Não conheço;Ruim;Ótimo;Bom;Inexistente;Ruim;Ruim;Péssimo;Bom;Bom;Satisfatório;Ótimo;Ótimo;Ótimo;Bom;Bom;Satisfatório;Satisfatório;Satisfatório;Satisfatório;Satisfatório;Não conheço;Não conheço;Não conheço;Bom;Bom;Bom;Bom;Bom;Bom;Satisfatório
Discente;Barbacena;Bacharelado em Agronomia;Ótimo;Ótimo;Satisfatório;Bom;Satisfatório;Péssimo;Satisfatório;Satisfatório;Satisfatório;Ótimo;Bom;Bom;Bom;Bom;Ótimo;Péssimo;Ótimo;Bom;Ruim;Bom;Bom;Ruim;Bom;Bom;Satisfatório;Satisfatório;Ruim;Bom;Ótimo;Satisfatório;Satisfatório;Bom;Satisfatório;Bom;Satisfatório;Bom;Ótimo;Bom;Ruim;Ótimo;Ótimo;Satisfatório;Bom;Bom;Ótimo;Satisfatório;Satisfatório;Ótimo;Ótimo;Ótimo;Bom;Bom;Bom;Satisfatório;Bom;Bom;Ótimo;Ótimo;Ótimo;Satisfatório;Satisfatório;Bom;Bom;Ótimo;Ruim;Satisfatório;Inexistente;Inexistente;Inexistente;Inexistente;Inexistente;Inexistente;Bom;Bom;Ótimo;Bom;Bom;Ótimo;Satisfatório;Bom;Ruim;Satisfatório;Bom;Ruim;Bom;Ruim;Satisfatório;Bom;Ótimo;Bom;Bom;Bom;Inexistente;Satisfatório;Péssimo;Ruim;Bom;Bom;Bom;Satisfatório;Bom;Bom;Ótimo;Ruim;Satisfatório;Satisfatório;Satisfatório;Bom;Ótimo;Bom;Bom;Bom;Ótimo;Ótimo;Satisfatório;Satisfatório;Ótimo;Ótimo;Bom
Discente;Barbacena;Bacharelado em Agronomia;Ótimo;Ótimo;Ótimo;Ótimo;Ótimo;Satisfatório;Bom;Bom;Ótimo;Ótimo;Ótimo;Ótimo;Ótimo;Satisfatório;Satisfatório;Satisfatório;Bom;Ótimo;Ótimo;Bom;Ruim;Satisfatório;Satisfatório;Satisfatório;Ótimo;Ótimo;Péssimo;Satisfatório;Satisfatório;Satisfatório;Satisfatório;Ótimo;Bom;Bom;Bom;Bom;Bom;Bom;Bom;Bom;Péssimo;Bom;Ótimo;Bom;Ótimo;Bom;Bom;Bom;Bom;Bom;Ótimo;Ótimo;Ótimo;Ótimo;Satisfatório;Ótimo;Bom;Satisfatório;Bom;Satisfatório;Satisfatório;Ótimo;Bom;Péssimo;Ruim;Ruim;Bom;Inexistente;Inexistente;Inexistente;Inexistente;Inexistente;Bom;Bom;Bom;Ótimo;Bom;Bom;Bom;Ótimo;Satisfatório;Bom;Satisfatório;Satisfatório;Péssimo;Péssimo;Péssimo;Péssimo;Péssimo;Péssimo;Satisfatório;Bom;Ruim;Péssimo;Péssimo;Péssimo;Satisfatório;Satisfatório;Satisfatório;Ótimo;Ótimo;Ótimo;Bom;Péssimo;Ruim;Ruim;Ruim;Ruim;Satisfatório;Satisfatório;Satisfatório;Satisfatório;Satisfatório;Satisfatório;Satisfatório;Satisfatório;Bom;Satisfatório;Satisfatório
Discente;Barbacena;Bacharelado em Agronomia;Bom;Ótimo;Bom;Ótimo;Bom;Satisfatório;Bom;Bom;Satisfatório;Ótimo;Ótimo;Bom;Satisfatório;Satisfatório;Bom;Bom;Ótimo;Bom;Ótimo;Bom;Bom;Bom;Satisfatório;Satisfatório;Ótimo;Ótimo;Ótimo;Ótimo;Bom;Ótimo;Ótimo;Ótimo;Ótimo;Ótimo;Ótimo;Ótimo;Ótimo;Ótimo;Bom;Bom;Bom;Ótimo;Bom;Ótimo;Ótimo;Bom;Bom;Ótimo;Ótimo;Ótimo;Bom;Ótimo;Bom;Ótimo;Ótimo;Satisfatório;Ótimo;Bom;Bom;Bom;Bom;Bom;Bom;Inexistente;Inexistente;Bom;Satisfatório;Não conheço;Não conheço;Não conheço;Não conheço;Não conheço;Bom;Satisfatório;Ótimo;Bom;Bom;Satisfatório;Ótimo;Bom;Ruim;Bom;Bom;Satisfatório;Bom;Bom;Satisfatório;Satisfatório;Ótimo;Bom;Ótimo;Bom;Inexistente;Ótimo;Ótimo;Bom;Bom;Bom;Bom;Bom;Bom;Bom;Bom;Bom;Bom;Bom;Não conheço;Não conheço;Bom;Bom;Bom;Bom;Ótimo;Bom;Não conheço;Não conheço;Bom;Ótimo;Ótimo
Discente;Barbacena;Técnico;Ótimo;Bom;Ótimo;Satisfatório;Bom;Ruim;Satisfatório;Satisfatório;Satisfatório;Bom;Ótimo;Bom;Satisfatório;Ruim;Bom;Bom;Bom;Satisfatório;Satisfatório;Satisfatório;Satisfatório;Satisfatório;Satisfatório;Satisfatório;Ótimo;Ótimo;Satisfatório;Ótimo;Ótimo;Bom;Ótimo;Ótimo;Ótimo;Bom;Bom;Ótimo;Ótimo;Bom;Bom;Ótimo;Ótimo;Bom;Bom;Ótimo;Ótimo;Satisfatório;Bom;Bom;Satisfatório;Ótimo;Satisfatório;Ótimo;Ótimo;Ótimo;Ótimo;Ótimo;Ótimo;Ótimo;Ótimo;Satisfatório;Satisfatório;Bom;Bom;Satisfatório;Satisfatório;Satisfatório;Inexistente;Não conheço;Não conheço;Bom;Bom;Não conheço;Bom;Bom;Bom;Bom;Bom;Bom;Ruim;Bom;Satisfatório;Bom;Satisfatório;Satisfatório;Satisfatório;Bom;Bom;Satisfatório;Ótimo;Ruim;Satisfatório;Ruim;Ruim;Satisfatório;Bom;Satisfatório;Satisfatório;Satisfatório;Ruim;Satisfatório;Satisfatório;Ruim;Bom;Péssimo;Satisfatório;Satisfatório;Bom;Bom;Satisfatório;Bom;Bom;Bom;Bom;Bom;Bom;Satisfatório;Bom;Bom;Bom
Discente;Barbacena;Tecnologia em Alimentos;Satisfatório;Bom;Satisfatório;Satisfatório;Ruim;Péssimo;Inexistente;Inexistente;Satisfatório;Bom;Ótimo;Satisfatório;Ruim;Péssimo;Satisfatório;Ruim;Satisfatório;Satisfatório;Satisfatório;Bom;Ruim;Péssimo;Ruim;Péssimo;Bom;Inexistente;Péssimo;Ótimo;Ótimo;Satisfatório;Satisfatório;Ótimo;Satisfatório;Bom;Satisfatório;Satisfatório;Ruim;Bom;Satisfatório;Bom;Bom;Não conheço;Não conheço;Não conheço;Não conheço;Não conheço;Não conheço;Não conheço;Não conheço;Satisfatório;Satisfatório;Ótimo;Bom;Inexistente;Ruim;Ruim;Satisfatório;Satisfatório;Inexistente;Satisfatório;Satisfatório;Satisfatório;Satisfatório;Satisfatório;Péssimo;Inexistente;Inexistente;Não conheço;Não conheço;Não conheço;Não conheço;Não conheço;Bom;Bom;Bom;Bom;Bom;Satisfatório;Bom;Satisfatório;Satisfatório;Ruim;Satisfatório;Inexistente;Ruim;Satisfatório;Satisfatório;Satisfatório;Satisfatório;Bom;Bom;Bom;Satisfatório;Satisfatório;Bom;Satisfatório;Satisfatório;Satisfatório;Satisfatório;Ruim;Ruim;Inexistente;Ruim;Inexistente;Ruim;Ruim;Ruim;Ruim;Satisfatório;Satisfatório;Satisfatório;Satisfatório;Ruim;Ruim;Ruim;Ruim;Satisfatório;Péssimo;Ruim
Discente;Barbacena;Bacharelado em Agronomia;Bom;Bom;Bom;Bom;Bom;Bom;Bom;Ruim;Satisfatório;Ótimo;Ótimo;Ótimo;Bom;Bom;Bom;Bom;Bom;Satisfatório;Bom;Satisfatório;Bom;Péssimo;Satisfatório;Satisfatório;Bom;Bom;Satisfatório;Satisfatório;Satisfatório;Satisfatório;Bom;Bom;Satisfatório;Satisfatório;Satisfatório;Satisfatório;Satisfatório;Satisfatório;Ruim;Satisfatório;Satisfatório;Bom;Bom;Bom;Bom;Bom;Bom;Bom;Bom;Bom;Bom;Bom;Bom;Bom;Bom;Bom;Bom;Bom;Bom;Bom;Bom;Bom;Bom;Bom;Satisfatório;Satisfatório;Satisfatório;Não conheço;Não conheço;Não conheço;Não conheço;Não conheço;Satisfatório;Ruim;Satisfatório;Satisfatório;Satisfatório;Bom;Satisfatório;Satisfatório;Satisfatório;Ruim;Satisfatório;Ruim;Satisfatório;Satisfatório;Bom;Bom;Bom;Satisfatório;Bom;Bom;Ótimo;Ótimo;Bom;Ótimo;Ótimo;Bom;Bom;Satisfatório;Bom;Bom;Satisfatório;Satisfatório;Satisfatório;Satisfatório;Péssimo;Ruim;Não conheço;Não conheço;Não conheço;Não conheço;Satisfatório;Satisfatório;Satisfatório;Ruim;Ruim;Satisfatório;Satisfatório
Discente;Barbacena;Bacharelado em Agronomia;Satisfatório;Satisfatório;Satisfatório;Ótimo;Ruim;Péssimo;Satisfatório;Ruim;Satisfatório;Bom;Bom;Bom;Bom;Satisfatório;Satisfatório;Bom;Ruim;Satisfatório;Ruim;Péssimo;Ruim;Ruim;Ruim;Ruim;Bom;Bom;Bom;Bom;Bom;Bom;Bom;Bom;Bom;Bom;Bom;Bom;Bom;Bom;Bom;Bom;Bom;Não conheço;Não conheço;Não conheço;Não conheço;Não conheço;Não conheço;Não conheço;Não conheço;Bom;Bom;Bom;Bom;Bom;Bom;Bom;Bom;Bom;Satisfatório;Bom;Bom;Bom;Bom;Satisfatório;Satisfatório;Satisfatório;Satisfatório;Inexistente;Inexistente;Inexistente;Inexistente;Inexistente;Bom;Bom;Bom;Bom;Satisfatório;Satisfatório;Satisfatório;Satisfatório;Ruim;Ruim;Satisfatório;Ruim;Satisfatório;Satisfatório;Ruim;Satisfatório;Ruim;Bom;Bom;Bom;Ruim;Satisfatório;Bom;Satisfatório;Bom;Bom;Bom;Bom;Satisfatório;Bom;Bom;Inexistente;Não conheço;Não conheço;Não conheço;Não conheço;Bom;Bom;Bom;Bom;Bom;Bom;Bom;Péssimo;Péssimo;Ruim;Satisfatório
Discente;Barbacena;Licenciatura em Ciências Biológicas;Bom;Bom;Ótimo;Ótimo;Bom;Inexistente;Satisfatório;Satisfatório;Satisfatório;Bom;Bom;Bom;Ruim;Inexistente;Ruim;Ruim;Péssimo;Ruim;Satisfatório;Satisfatório;Inexistente;Inexistente;Inexistente;Inexistente;Bom;Bom;Ruim;Bom;Bom;Satisfatório;Bom;Bom;Satisfatório;Bom;Bom;Bom;Bom;Ruim;Ruim;Ótimo;Ótimo;Não conheço;Não conheço;Não conheço;Não conheço;Não conheço;Não conheço;Não conheço;Não conheço;Ruim;Ruim;Bom;Bom;Satisfatório;Satisfatório;Satisfatório;Ruim;Ruim;Satisfatório;Ruim;Satisfatório;Bom;Satisfatório;Inexistente;Inexistente;Péssimo;Inexistente;Não conheço;Não conheço;Não conheço;Não conheço;Não conheço;Ótimo;Bom;Bom;Bom;Bom;Bom;Ótimo;Bom;Satisfatório;Satisfatório;Satisfatório;Satisfatório;Bom;Bom;Ruim;Ruim;Inexistente;Ruim;Satisfatório;Satisfatório;Inexistente;Satisfatório;Ruim;Ruim;Ruim;Satisfatório;Satisfatório;Ruim;Satisfatório;Satisfatório;Satisfatório;Inexistente;Inexistente;Péssimo;Satisfatório;Inexistente;Bom;Bom;Bom;Bom;Ruim;Satisfatório;Satisfatório;Ruim;Satisfatório;Ruim;Satisfatório
Discente;Barbacena;Tecnologia em Sistemas para Internet;Ótimo;Ótimo;Ótimo;Bom;Ótimo;Bom;Ótimo;Péssimo;Satisfatório;Bom;Ótimo;Ótimo;Ruim;Ruim;Bom;Péssimo;Ótimo;Bom;Não conheço;Bom;Bom;Péssimo;Ótimo;Ruim;Satisfatório;Bom;Ruim;Satisfatório;Satisfatório;Satisfatório;Bom;Bom;Péssimo;Satisfatório;Não conheço;Ótimo;Ótimo;Bom;Inexistente;Ótimo;Ótimo;Bom;Bom;Ótimo;Bom;Ruim;Bom;Ótimo;Inexistente;Bom;Bom;Bom;Ótimo;Não conheço;Ótimo;Bom;Bom;Bom;Inexistente;Satisfatório;Ótimo;Bom;Ótimo;Bom;Ruim;Bom;Péssimo;Não conheço;Não conheço;Não conheço;Não conheço;Não conheço;Bom;Bom;Satisfatório;Bom;Satisfatório;Satisfatório;Bom;Ótimo;Bom;Não conheço;Satisfatório;Ruim;Ótimo;Bom;Bom;Bom;Bom;Satisfatório;Bom;Bom;Inexistente;Ruim;Satisfatório;Bom;Bom;Bom;Satisfatório;Satisfatório;Bom;Ruim;Bom;Péssimo;Bom;Bom;Bom;Bom;Satisfatório;Satisfatório;Satisfatório;Satisfatório;Bom;Bom;Não conheço;Satisfatório;Ótimo;Não conheço;Bom
Discente;Barbacena;Bacharelado em Agronomia;Bom;Bom;Ótimo;Ótimo;Ótimo;Bom;Bom;Bom;Satisfatório;Ótimo;Ótimo;Ótimo;Ótimo;Inexistente;Satisfatório;Ruim;Ótimo;Bom;Bom;Bom;Satisfatório;Bom;Satisfatório;Bom;Satisfatório;Satisfatório;Satisfatório;Ótimo;Ótimo;Ótimo;Bom;Ótimo;Satisfatório;Bom;Satisfatório;Satisfatório;Bom;Bom;Bom;Ótimo;Ótimo;Não conheço;Não conheço;Não conheço;Não conheço;Não conheço;Não conheço;Não conheço;Não conheço;Bom;Bom;Ótimo;Ótimo;Satisfatório;Bom;Bom;Satisfatório;Ruim;Inexistente;Ruim;Bom;Ótimo;Ótimo;Inexistente;Bom;Inexistente;Inexistente;Inexistente;Inexistente;Inexistente;Inexistente;Inexistente;Bom;Satisfatório;Ótimo;Ótimo;Ótimo;Ótimo;Ótimo;Ótimo;Ótimo;Bom;Ótimo;Ótimo;Satisfatório;Satisfatório;Satisfatório;Bom;Bom;Ruim;Bom;Bom;Bom;Bom;Satisfatório;Péssimo;Bom;Bom;Bom;Ótimo;Ótimo;Bom;Péssimo;Péssimo;Péssimo;Péssimo;Péssimo;Péssimo;Bom;Bom;Bom;Bom;Ótimo;Ótimo;Bom;Bom;Ótimo;Satisfatório;Satisfatório
Discente;Barbacena;Licenciatura em Educação Física;Bom;Satisfatório;Satisfatório;Ótimo;Ótimo;Péssimo;Satisfatório;Ruim;Péssimo;Bom;Bom;Satisfatório;Ruim;Ruim;Satisfatório;Satisfatório;Bom;Bom;Satisfatório;Ruim;Ruim;Satisfatório;Satisfatório;Satisfatório;Ruim;Satisfatório;Ruim;Satisfatório;Satisfatório;Ruim;Bom;Ótimo;Satisfatório;Bom;Ruim;Ótimo;Ótimo;Ótimo;Ótimo;Ótimo;Ótimo;Bom;Bom;Bom;Ótimo;Ótimo;Bom;Bom;Não conheço;Bom;Satisfatório;Satisfatório;Satisfatório;Satisfatório;Ruim;Satisfatório;Bom;Bom;Péssimo;Ruim;Satisfatório;Satisfatório;Satisfatório;Satisfatório;Satisfatório;Ruim;Ruim;Não conheço;Não conheço;Não conheço;Não conheço;Não conheço;Bom;Ótimo;Ótimo;Ótimo;Ótimo;Bom;Ótimo;Ótimo;Satisfatório;Bom;Ótimo;Ruim;Ótimo;Ótimo;Ótimo;Ótimo;Ótimo;Satisfatório;Bom;Bom;Bom;Satisfatório;Bom;Satisfatório;Ótimo;Bom;Bom;Bom;Bom;Não conheço;Ruim;Bom;Ruim;Inexistente;Não conheço;Inexistente;Ótimo;Ótimo;Ótimo;Ótimo;Ótimo;Ótimo;Ótimo;Ótimo;Bom;Satisfatório;Satisfatório
